-- phpMyAdmin SQL Dump
-- version 5.0.2
-- https://www.phpmyadmin.net/
--
-- Host: 127.0.0.1:3306
-- Generation Time: May 20, 2021 at 07:37 PM
-- Server version: 5.7.31
-- PHP Version: 7.4.9

SET SQL_MODE = "NO_AUTO_VALUE_ON_ZERO";
START TRANSACTION;
SET time_zone = "+00:00";


/*!40101 SET @OLD_CHARACTER_SET_CLIENT=@@CHARACTER_SET_CLIENT */;
/*!40101 SET @OLD_CHARACTER_SET_RESULTS=@@CHARACTER_SET_RESULTS */;
/*!40101 SET @OLD_COLLATION_CONNECTION=@@COLLATION_CONNECTION */;
/*!40101 SET NAMES utf8mb4 */;

--
-- Database: `gsb_frais`
--
CREATE DATABASE IF NOT EXISTS `gsb_frais` DEFAULT CHARACTER SET latin1 COLLATE latin1_swedish_ci;
USE `gsb_frais`;

-- --------------------------------------------------------

--
-- Table structure for table `etat`
--

DROP TABLE IF EXISTS `etat`;
CREATE TABLE IF NOT EXISTS `etat` (
  `id` char(2) NOT NULL,
  `libelle` varchar(30) DEFAULT NULL,
  PRIMARY KEY (`id`)
) ENGINE=InnoDB DEFAULT CHARSET=latin1;

--
-- Dumping data for table `etat`
--

INSERT INTO `etat` (`id`, `libelle`) VALUES
('CL', 'Saisie clôturée'),
('CR', 'Fiche créée, saisie en cours'),
('RB', 'Remboursée'),
('VA', 'Validée et mise en paiement');

-- --------------------------------------------------------

--
-- Table structure for table `fichefrais`
--

DROP TABLE IF EXISTS `fichefrais`;
CREATE TABLE IF NOT EXISTS `fichefrais` (
  `idvisiteur` char(4) NOT NULL,
  `mois` char(6) NOT NULL,
  `nbjustificatifs` int(11) DEFAULT NULL,
  `montantvalide` decimal(10,2) DEFAULT NULL,
  `datemodif` date DEFAULT NULL,
  `idetat` char(2) DEFAULT 'CR',
  PRIMARY KEY (`idvisiteur`,`mois`),
  KEY `idetat` (`idetat`)
) ENGINE=InnoDB DEFAULT CHARSET=latin1;

--
-- Dumping data for table `fichefrais`
--

INSERT INTO `fichefrais` (`idvisiteur`, `mois`, `nbjustificatifs`, `montantvalide`, `datemodif`, `idetat`) VALUES
('a131', '202101', 6, '3267.86', '2021-03-01', 'RB'),
('a131', '202102', 4, '1571.23', '2021-04-06', 'RB'),
('a131', '202103', 0, '1790.15', '2021-04-02', 'CL'),
('a131', '202104', 7, '2074.11', '2021-04-10', 'VA'),
('a17', '202101', 3, '4181.84', '2021-03-01', 'RB'),
('a17', '202102', 1, '3839.33', '2021-04-08', 'RB'),
('a17', '202103', 12, '3734.40', '2021-04-05', 'VA'),
('a17', '202104', 3, '0.00', '2021-04-02', 'CR'),
('a55', '202101', 10, '2175.25', '2021-03-07', 'RB'),
('a55', '202102', 10, '1588.70', '2021-04-08', 'RB'),
('a55', '202103', 10, '3310.32', '2021-04-07', 'VA'),
('a55', '202104', 8, '0.00', '2021-04-01', 'CR'),
('a93', '202101', 2, '3072.79', '2021-03-01', 'RB'),
('a93', '202102', 7, '2926.43', '2021-04-05', 'RB'),
('a93', '202103', 7, '2345.30', '2021-04-01', 'VA'),
('a93', '202104', 0, '0.00', '2021-04-01', 'CR'),
('b13', '202101', 9, '3750.46', '2021-03-06', 'RB'),
('b13', '202102', 12, '4035.19', '2021-04-07', 'RB'),
('b13', '202103', 7, '3030.78', '2021-04-05', 'VA'),
('b13', '202104', 8, '0.00', '2021-04-01', 'CR'),
('b16', '202101', 10, '1452.07', '2021-03-06', 'RB'),
('b16', '202102', 10, '4225.31', '2021-04-05', 'RB'),
('b16', '202103', 2, '3279.44', '2021-04-06', 'VA'),
('b16', '202104', 11, '0.00', '2021-04-01', 'CR'),
('b19', '202101', 3, '2182.27', '2021-03-03', 'RB'),
('b19', '202102', 4, '3351.16', '2021-04-07', 'RB'),
('b19', '202103', 1, '3121.08', '2021-04-08', 'VA'),
('b19', '202104', 8, '0.00', '2021-04-05', 'CR'),
('b25', '202101', 12, '2270.36', '2021-03-05', 'RB'),
('b25', '202102', 10, '3770.24', '2021-04-04', 'RB'),
('b25', '202103', 5, '3267.53', '2021-04-04', 'VA'),
('b25', '202104', 1, '0.00', '2021-04-05', 'CR'),
('b28', '202101', 4, '4228.25', '2021-03-04', 'RB'),
('b28', '202102', 8, '1810.67', '2021-04-01', 'RB'),
('b28', '202103', 1, '1850.62', '2021-04-02', 'VA'),
('b28', '202104', 0, '0.00', '2021-04-01', 'CR'),
('b34', '202101', 1, '4484.78', '2021-03-02', 'RB'),
('b34', '202102', 9, '2589.34', '2021-04-01', 'RB'),
('b34', '202103', 1, '2513.71', '2021-04-04', 'VA'),
('b34', '202104', 4, '0.00', '2021-04-06', 'CR'),
('b4', '202101', 1, '2202.52', '2021-03-01', 'RB'),
('b4', '202102', 12, '2892.75', '2021-04-07', 'RB'),
('b4', '202103', 10, '3546.54', '2021-04-04', 'VA'),
('b4', '202104', 1, '0.00', '2021-04-03', 'CR'),
('b50', '202101', 3, '3821.24', '2021-03-04', 'RB'),
('b50', '202102', 0, '2626.62', '2021-04-08', 'RB'),
('b50', '202103', 1, '2853.17', '2021-04-07', 'VA'),
('b50', '202104', 6, '0.00', '2021-04-06', 'CR'),
('b59', '202101', 6, '2401.30', '2021-03-08', 'RB'),
('b59', '202102', 5, '3005.01', '2021-04-04', 'RB'),
('b59', '202103', 8, '3698.09', '2021-04-04', 'VA'),
('b59', '202104', 4, '0.00', '2021-04-03', 'CR'),
('c14', '202101', 12, '2820.94', '2021-03-01', 'RB'),
('c14', '202102', 1, '3781.52', '2021-04-02', 'RB'),
('c14', '202103', 8, '2385.29', '2021-04-06', 'VA'),
('c14', '202104', 2, '0.00', '2021-04-02', 'CR'),
('c3', '202101', 1, '2578.10', '2021-03-04', 'RB'),
('c3', '202102', 2, '2476.71', '2021-04-02', 'RB'),
('c3', '202103', 12, '3630.36', '2021-04-04', 'VA'),
('c3', '202104', 7, '0.00', '2021-04-02', 'CR'),
('c54', '202101', 12, '2384.48', '2021-03-03', 'RB'),
('c54', '202102', 8, '3524.40', '2021-04-06', 'RB'),
('c54', '202103', 10, '3979.07', '2021-04-04', 'VA'),
('c54', '202104', 12, '0.00', '2021-04-02', 'CR'),
('d13', '202101', 4, '2551.81', '2021-03-04', 'RB'),
('d13', '202102', 11, '2848.31', '2021-04-08', 'RB'),
('d13', '202103', 1, '2818.21', '2021-04-05', 'VA'),
('d13', '202104', 6, '0.00', '2021-04-01', 'CR'),
('d51', '202101', 6, '3508.03', '2021-03-05', 'RB'),
('d51', '202102', 12, '2724.95', '2021-04-04', 'RB'),
('d51', '202103', 8, '3453.74', '2021-04-05', 'VA'),
('d51', '202104', 6, '0.00', '2021-04-01', 'CR'),
('e22', '202101', 5, '3359.90', '2021-03-05', 'RB'),
('e22', '202102', 7, '4637.20', '2021-04-05', 'RB'),
('e22', '202103', 5, '3231.51', '2021-04-02', 'VA'),
('e22', '202104', 1, '0.00', '2021-04-06', 'CR'),
('e24', '202101', 7, '3033.20', '2021-03-04', 'RB'),
('e24', '202102', 9, '4258.41', '2021-04-04', 'RB'),
('e24', '202103', 1, '3572.65', '2021-04-06', 'VA'),
('e24', '202104', 0, '0.00', '2021-04-04', 'CR'),
('e39', '202101', 3, '5643.55', '2021-03-08', 'RB'),
('e39', '202102', 3, '2388.28', '2021-04-04', 'RB'),
('e39', '202103', 1, '3816.59', '2021-04-08', 'VA'),
('e39', '202104', 3, '0.00', '2021-04-07', 'CR'),
('e49', '202101', 8, '2462.95', '2021-03-01', 'RB'),
('e49', '202102', 6, '3069.35', '2021-04-07', 'RB'),
('e49', '202103', 4, '2667.01', '2021-04-02', 'VA'),
('e49', '202104', 11, '0.00', '2021-04-06', 'CR'),
('e5', '202101', 7, '3476.94', '2021-03-05', 'RB'),
('e5', '202102', 5, '2939.06', '2021-04-03', 'RB'),
('e5', '202103', 4, '3518.06', '2021-04-03', 'VA'),
('e5', '202104', 5, '0.00', '2021-04-08', 'CR'),
('e52', '202101', 7, '3731.02', '2021-03-05', 'RB'),
('e52', '202102', 5, '3094.26', '2021-04-02', 'RB'),
('e52', '202103', 1, '3218.98', '2021-04-08', 'VA'),
('e52', '202104', 3, '0.00', '2021-04-08', 'CR'),
('f21', '202101', 11, '1176.94', '2021-03-07', 'RB'),
('f21', '202102', 0, '2361.07', '2021-04-04', 'RB'),
('f21', '202103', 11, '2770.31', '2021-04-07', 'VA'),
('f21', '202104', 8, '0.00', '2021-04-03', 'CR'),
('f39', '202101', 5, '2971.26', '2021-03-06', 'RB'),
('f39', '202102', 5, '2298.60', '2021-04-03', 'RB'),
('f39', '202103', 12, '3520.03', '2021-04-05', 'VA'),
('f39', '202104', 1, '0.00', '2021-04-01', 'CR'),
('f4', '202101', 2, '2707.86', '2021-03-06', 'RB'),
('f4', '202102', 3, '3305.45', '2021-04-05', 'RB'),
('f4', '202103', 3, '2449.97', '2021-04-02', 'VA'),
('f4', '202104', 8, '0.00', '2021-04-08', 'CR');

-- --------------------------------------------------------

--
-- Table structure for table `fraisforfait`
--

DROP TABLE IF EXISTS `fraisforfait`;
CREATE TABLE IF NOT EXISTS `fraisforfait` (
  `id` char(3) NOT NULL,
  `libelle` char(20) DEFAULT NULL,
  `montant` decimal(5,2) DEFAULT NULL,
  PRIMARY KEY (`id`)
) ENGINE=InnoDB DEFAULT CHARSET=latin1;

--
-- Dumping data for table `fraisforfait`
--

INSERT INTO `fraisforfait` (`id`, `libelle`, `montant`) VALUES
('ETP', 'Forfait Etape', '110.00'),
('KM', 'Frais Kilométrique', '0.62'),
('NUI', 'Nuitée Hôtel', '80.00'),
('REP', 'Repas Restaurant', '25.00');

-- --------------------------------------------------------

--
-- Table structure for table `lignefraisforfait`
--

DROP TABLE IF EXISTS `lignefraisforfait`;
CREATE TABLE IF NOT EXISTS `lignefraisforfait` (
  `idvisiteur` char(4) NOT NULL,
  `mois` char(6) NOT NULL,
  `idfraisforfait` char(3) NOT NULL,
  `quantite` int(11) DEFAULT NULL,
  PRIMARY KEY (`idvisiteur`,`mois`,`idfraisforfait`),
  KEY `idfraisforfait` (`idfraisforfait`)
) ENGINE=InnoDB DEFAULT CHARSET=latin1;

--
-- Dumping data for table `lignefraisforfait`
--

INSERT INTO `lignefraisforfait` (`idvisiteur`, `mois`, `idfraisforfait`, `quantite`) VALUES
('a131', '202101', 'ETP', 10),
('a131', '202101', 'KM', 771),
('a131', '202101', 'NUI', 18),
('a131', '202101', 'REP', 2),
('a131', '202102', 'ETP', 4),
('a131', '202102', 'KM', 797),
('a131', '202102', 'NUI', 3),
('a131', '202102', 'REP', 16),
('a131', '202103', 'ETP', 1),
('a131', '202103', 'KM', 23),
('a131', '202103', 'NUI', 2),
('a131', '202103', 'REP', 3),
('a131', '202104', 'ETP', 3),
('a131', '202104', 'KM', 2),
('a131', '202104', 'NUI', 7),
('a131', '202104', 'REP', 9),
('a17', '202101', 'ETP', 20),
('a17', '202101', 'KM', 534),
('a17', '202101', 'NUI', 15),
('a17', '202101', 'REP', 11),
('a17', '202102', 'ETP', 11),
('a17', '202102', 'KM', 635),
('a17', '202102', 'NUI', 18),
('a17', '202102', 'REP', 10),
('a17', '202103', 'ETP', 6),
('a17', '202103', 'KM', 970),
('a17', '202103', 'NUI', 15),
('a17', '202103', 'REP', 8),
('a17', '202104', 'ETP', 5),
('a17', '202104', 'KM', 757),
('a17', '202104', 'NUI', 4),
('a17', '202104', 'REP', 16),
('a55', '202101', 'ETP', 2),
('a55', '202101', 'KM', 427),
('a55', '202101', 'NUI', 13),
('a55', '202101', 'REP', 7),
('a55', '202102', 'ETP', 5),
('a55', '202102', 'KM', 805),
('a55', '202102', 'NUI', 3),
('a55', '202102', 'REP', 13),
('a55', '202103', 'ETP', 12),
('a55', '202103', 'KM', 683),
('a55', '202103', 'NUI', 4),
('a55', '202103', 'REP', 18),
('a55', '202104', 'ETP', 14),
('a55', '202104', 'KM', 609),
('a55', '202104', 'NUI', 20),
('a55', '202104', 'REP', 18),
('a93', '202101', 'ETP', 4),
('a93', '202101', 'KM', 361),
('a93', '202101', 'NUI', 11),
('a93', '202101', 'REP', 3),
('a93', '202102', 'ETP', 8),
('a93', '202102', 'KM', 328),
('a93', '202102', 'NUI', 2),
('a93', '202102', 'REP', 15),
('a93', '202103', 'ETP', 3),
('a93', '202103', 'KM', 432),
('a93', '202103', 'NUI', 7),
('a93', '202103', 'REP', 20),
('a93', '202104', 'ETP', 10),
('a93', '202104', 'KM', 642),
('a93', '202104', 'NUI', 20),
('a93', '202104', 'REP', 16),
('b13', '202101', 'ETP', 17),
('b13', '202101', 'KM', 700),
('b13', '202101', 'NUI', 19),
('b13', '202101', 'REP', 13),
('b13', '202102', 'ETP', 15),
('b13', '202102', 'KM', 748),
('b13', '202102', 'NUI', 15),
('b13', '202102', 'REP', 16),
('b13', '202103', 'ETP', 12),
('b13', '202103', 'KM', 746),
('b13', '202103', 'NUI', 10),
('b13', '202103', 'REP', 20),
('b13', '202104', 'ETP', 13),
('b13', '202104', 'KM', 775),
('b13', '202104', 'NUI', 15),
('b13', '202104', 'REP', 2),
('b16', '202101', 'ETP', 3),
('b16', '202101', 'KM', 461),
('b16', '202101', 'NUI', 8),
('b16', '202101', 'REP', 10),
('b16', '202102', 'ETP', 20),
('b16', '202102', 'KM', 514),
('b16', '202102', 'NUI', 2),
('b16', '202102', 'REP', 20),
('b16', '202103', 'ETP', 18),
('b16', '202103', 'KM', 592),
('b16', '202103', 'NUI', 11),
('b16', '202103', 'REP', 9),
('b16', '202104', 'ETP', 18),
('b16', '202104', 'KM', 606),
('b16', '202104', 'NUI', 20),
('b16', '202104', 'REP', 19),
('b19', '202101', 'ETP', 11),
('b19', '202101', 'KM', 537),
('b19', '202101', 'NUI', 4),
('b19', '202101', 'REP', 9),
('b19', '202102', 'ETP', 16),
('b19', '202102', 'KM', 604),
('b19', '202102', 'NUI', 6),
('b19', '202102', 'REP', 20),
('b19', '202103', 'ETP', 2),
('b19', '202103', 'KM', 719),
('b19', '202103', 'NUI', 19),
('b19', '202103', 'REP', 4),
('b19', '202104', 'ETP', 6),
('b19', '202104', 'KM', 560),
('b19', '202104', 'NUI', 17),
('b19', '202104', 'REP', 12),
('b25', '202101', 'ETP', 5),
('b25', '202101', 'KM', 758),
('b25', '202101', 'NUI', 8),
('b25', '202101', 'REP', 9),
('b25', '202102', 'ETP', 13),
('b25', '202102', 'KM', 702),
('b25', '202102', 'NUI', 7),
('b25', '202102', 'REP', 5),
('b25', '202103', 'ETP', 20),
('b25', '202103', 'KM', 416),
('b25', '202103', 'NUI', 6),
('b25', '202103', 'REP', 16),
('b25', '202104', 'ETP', 4),
('b25', '202104', 'KM', 732),
('b25', '202104', 'NUI', 3),
('b25', '202104', 'REP', 15),
('b28', '202101', 'ETP', 20),
('b28', '202101', 'KM', 316),
('b28', '202101', 'NUI', 8),
('b28', '202101', 'REP', 14),
('b28', '202102', 'ETP', 4),
('b28', '202102', 'KM', 953),
('b28', '202102', 'NUI', 9),
('b28', '202102', 'REP', 7),
('b28', '202103', 'ETP', 11),
('b28', '202103', 'KM', 427),
('b28', '202103', 'NUI', 3),
('b28', '202103', 'REP', 6),
('b28', '202104', 'ETP', 6),
('b28', '202104', 'KM', 958),
('b28', '202104', 'NUI', 5),
('b28', '202104', 'REP', 13),
('b34', '202101', 'ETP', 15),
('b34', '202101', 'KM', 961),
('b34', '202101', 'NUI', 9),
('b34', '202101', 'REP', 10),
('b34', '202102', 'ETP', 12),
('b34', '202102', 'KM', 489),
('b34', '202102', 'NUI', 2),
('b34', '202102', 'REP', 13),
('b34', '202103', 'ETP', 5),
('b34', '202103', 'KM', 725),
('b34', '202103', 'NUI', 8),
('b34', '202103', 'REP', 17),
('b34', '202104', 'ETP', 19),
('b34', '202104', 'KM', 942),
('b34', '202104', 'NUI', 8),
('b34', '202104', 'REP', 15),
('b4', '202101', 'ETP', 8),
('b4', '202101', 'KM', 403),
('b4', '202101', 'NUI', 6),
('b4', '202101', 'REP', 10),
('b4', '202102', 'ETP', 3),
('b4', '202102', 'KM', 694),
('b4', '202102', 'NUI', 15),
('b4', '202102', 'REP', 19),
('b4', '202103', 'ETP', 12),
('b4', '202103', 'KM', 816),
('b4', '202103', 'NUI', 10),
('b4', '202103', 'REP', 5),
('b4', '202104', 'ETP', 16),
('b4', '202104', 'KM', 372),
('b4', '202104', 'NUI', 16),
('b4', '202104', 'REP', 15),
('b50', '202101', 'ETP', 17),
('b50', '202101', 'KM', 995),
('b50', '202101', 'NUI', 18),
('b50', '202101', 'REP', 9),
('b50', '202102', 'ETP', 7),
('b50', '202102', 'KM', 877),
('b50', '202102', 'NUI', 14),
('b50', '202102', 'REP', 9),
('b50', '202103', 'ETP', 10),
('b50', '202103', 'KM', 854),
('b50', '202103', 'NUI', 7),
('b50', '202103', 'REP', 15),
('b50', '202104', 'ETP', 17),
('b50', '202104', 'KM', 697),
('b50', '202104', 'NUI', 15),
('b50', '202104', 'REP', 5),
('b59', '202101', 'ETP', 3),
('b59', '202101', 'KM', 315),
('b59', '202101', 'NUI', 3),
('b59', '202101', 'REP', 18),
('b59', '202102', 'ETP', 7),
('b59', '202102', 'KM', 841),
('b59', '202102', 'NUI', 4),
('b59', '202102', 'REP', 12),
('b59', '202103', 'ETP', 9),
('b59', '202103', 'KM', 443),
('b59', '202103', 'NUI', 17),
('b59', '202103', 'REP', 8),
('b59', '202104', 'ETP', 11),
('b59', '202104', 'KM', 877),
('b59', '202104', 'NUI', 3),
('b59', '202104', 'REP', 2),
('c14', '202101', 'ETP', 4),
('c14', '202101', 'KM', 918),
('c14', '202101', 'NUI', 14),
('c14', '202101', 'REP', 5),
('c14', '202102', 'ETP', 12),
('c14', '202102', 'KM', 984),
('c14', '202102', 'NUI', 13),
('c14', '202102', 'REP', 3),
('c14', '202103', 'ETP', 2),
('c14', '202103', 'KM', 660),
('c14', '202103', 'NUI', 5),
('c14', '202103', 'REP', 17),
('c14', '202104', 'ETP', 2),
('c14', '202104', 'KM', 328),
('c14', '202104', 'NUI', 12),
('c14', '202104', 'REP', 5),
('c3', '202101', 'ETP', 4),
('c3', '202101', 'KM', 763),
('c3', '202101', 'NUI', 18),
('c3', '202101', 'REP', 7),
('c3', '202102', 'ETP', 18),
('c3', '202102', 'KM', 499),
('c3', '202102', 'NUI', 3),
('c3', '202102', 'REP', 2),
('c3', '202103', 'ETP', 8),
('c3', '202103', 'KM', 401),
('c3', '202103', 'NUI', 19),
('c3', '202103', 'REP', 14),
('c3', '202104', 'ETP', 17),
('c3', '202104', 'KM', 878),
('c3', '202104', 'NUI', 7),
('c3', '202104', 'REP', 3),
('c54', '202101', 'ETP', 10),
('c54', '202101', 'KM', 545),
('c54', '202101', 'NUI', 2),
('c54', '202101', 'REP', 14),
('c54', '202102', 'ETP', 12),
('c54', '202102', 'KM', 423),
('c54', '202102', 'NUI', 8),
('c54', '202102', 'REP', 6),
('c54', '202103', 'ETP', 18),
('c54', '202103', 'KM', 423),
('c54', '202103', 'NUI', 7),
('c54', '202103', 'REP', 6),
('c54', '202104', 'ETP', 10),
('c54', '202104', 'KM', 491),
('c54', '202104', 'NUI', 8),
('c54', '202104', 'REP', 17),
('d13', '202101', 'ETP', 15),
('d13', '202101', 'KM', 660),
('d13', '202101', 'NUI', 8),
('d13', '202101', 'REP', 3),
('d13', '202102', 'ETP', 7),
('d13', '202102', 'KM', 385),
('d13', '202102', 'NUI', 14),
('d13', '202102', 'REP', 3),
('d13', '202103', 'ETP', 9),
('d13', '202103', 'KM', 472),
('d13', '202103', 'NUI', 15),
('d13', '202103', 'REP', 12),
('d13', '202104', 'ETP', 4),
('d13', '202104', 'KM', 963),
('d13', '202104', 'NUI', 9),
('d13', '202104', 'REP', 7),
('d51', '202101', 'ETP', 7),
('d51', '202101', 'KM', 701),
('d51', '202101', 'NUI', 18),
('d51', '202101', 'REP', 7),
('d51', '202102', 'ETP', 13),
('d51', '202102', 'KM', 861),
('d51', '202102', 'NUI', 12),
('d51', '202102', 'REP', 8),
('d51', '202103', 'ETP', 3),
('d51', '202103', 'KM', 331),
('d51', '202103', 'NUI', 17),
('d51', '202103', 'REP', 3),
('d51', '202104', 'ETP', 5),
('d51', '202104', 'KM', 998),
('d51', '202104', 'NUI', 14),
('d51', '202104', 'REP', 4),
('e22', '202101', 'ETP', 15),
('e22', '202101', 'KM', 460),
('e22', '202101', 'NUI', 16),
('e22', '202101', 'REP', 17),
('e22', '202102', 'ETP', 20),
('e22', '202102', 'KM', 832),
('e22', '202102', 'NUI', 6),
('e22', '202102', 'REP', 12),
('e22', '202103', 'ETP', 16),
('e22', '202103', 'KM', 803),
('e22', '202103', 'NUI', 10),
('e22', '202103', 'REP', 13),
('e22', '202104', 'ETP', 5),
('e22', '202104', 'KM', 578),
('e22', '202104', 'NUI', 12),
('e22', '202104', 'REP', 14),
('e24', '202101', 'ETP', 4),
('e24', '202101', 'KM', 875),
('e24', '202101', 'NUI', 19),
('e24', '202101', 'REP', 6),
('e24', '202102', 'ETP', 12),
('e24', '202102', 'KM', 867),
('e24', '202102', 'NUI', 10),
('e24', '202102', 'REP', 15),
('e24', '202103', 'ETP', 16),
('e24', '202103', 'KM', 552),
('e24', '202103', 'NUI', 10),
('e24', '202103', 'REP', 15),
('e24', '202104', 'ETP', 11),
('e24', '202104', 'KM', 558),
('e24', '202104', 'NUI', 19),
('e24', '202104', 'REP', 6),
('e39', '202101', 'ETP', 17),
('e39', '202101', 'KM', 656),
('e39', '202101', 'NUI', 5),
('e39', '202101', 'REP', 18),
('e39', '202102', 'ETP', 10),
('e39', '202102', 'KM', 970),
('e39', '202102', 'NUI', 2),
('e39', '202102', 'REP', 6),
('e39', '202103', 'ETP', 20),
('e39', '202103', 'KM', 682),
('e39', '202103', 'NUI', 7),
('e39', '202103', 'REP', 20),
('e39', '202104', 'ETP', 13),
('e39', '202104', 'KM', 552),
('e39', '202104', 'NUI', 6),
('e39', '202104', 'REP', 3),
('e49', '202101', 'ETP', 6),
('e49', '202101', 'KM', 684),
('e49', '202101', 'NUI', 3),
('e49', '202101', 'REP', 13),
('e49', '202102', 'ETP', 7),
('e49', '202102', 'KM', 399),
('e49', '202102', 'NUI', 10),
('e49', '202102', 'REP', 17),
('e49', '202103', 'ETP', 12),
('e49', '202103', 'KM', 847),
('e49', '202103', 'NUI', 4),
('e49', '202103', 'REP', 12),
('e49', '202104', 'ETP', 14),
('e49', '202104', 'KM', 666),
('e49', '202104', 'NUI', 10),
('e49', '202104', 'REP', 4),
('e5', '202101', 'ETP', 5),
('e5', '202101', 'KM', 831),
('e5', '202101', 'NUI', 17),
('e5', '202101', 'REP', 14),
('e5', '202102', 'ETP', 10),
('e5', '202102', 'KM', 944),
('e5', '202102', 'NUI', 4),
('e5', '202102', 'REP', 8),
('e5', '202103', 'ETP', 5),
('e5', '202103', 'KM', 863),
('e5', '202103', 'NUI', 5),
('e5', '202103', 'REP', 10),
('e5', '202104', 'ETP', 20),
('e5', '202104', 'KM', 802),
('e5', '202104', 'NUI', 2),
('e5', '202104', 'REP', 7),
('e52', '202101', 'ETP', 15),
('e52', '202101', 'KM', 420),
('e52', '202101', 'NUI', 13),
('e52', '202101', 'REP', 10),
('e52', '202102', 'ETP', 7),
('e52', '202102', 'KM', 960),
('e52', '202102', 'NUI', 2),
('e52', '202102', 'REP', 4),
('e52', '202103', 'ETP', 5),
('e52', '202103', 'KM', 907),
('e52', '202103', 'NUI', 16),
('e52', '202103', 'REP', 9),
('e52', '202104', 'ETP', 2),
('e52', '202104', 'KM', 373),
('e52', '202104', 'NUI', 14),
('e52', '202104', 'REP', 18),
('f21', '202101', 'ETP', 4),
('f21', '202101', 'KM', 940),
('f21', '202101', 'NUI', 2),
('f21', '202101', 'REP', 2),
('f21', '202102', 'ETP', 10),
('f21', '202102', 'KM', 359),
('f21', '202102', 'NUI', 4),
('f21', '202102', 'REP', 2),
('f21', '202103', 'ETP', 13),
('f21', '202103', 'KM', 523),
('f21', '202103', 'NUI', 16),
('f21', '202103', 'REP', 6),
('f21', '202104', 'ETP', 6),
('f21', '202104', 'KM', 970),
('f21', '202104', 'NUI', 6),
('f21', '202104', 'REP', 8),
('f39', '202101', 'ETP', 10),
('f39', '202101', 'KM', 622),
('f39', '202101', 'NUI', 5),
('f39', '202101', 'REP', 20),
('f39', '202102', 'ETP', 10),
('f39', '202102', 'KM', 519),
('f39', '202102', 'NUI', 5),
('f39', '202102', 'REP', 2),
('f39', '202103', 'ETP', 2),
('f39', '202103', 'KM', 835),
('f39', '202103', 'NUI', 19),
('f39', '202103', 'REP', 19),
('f39', '202104', 'ETP', 6),
('f39', '202104', 'KM', 883),
('f39', '202104', 'NUI', 7),
('f39', '202104', 'REP', 18),
('f4', '202101', 'ETP', 8),
('f4', '202101', 'KM', 854),
('f4', '202101', 'NUI', 11),
('f4', '202101', 'REP', 13),
('f4', '202102', 'ETP', 11),
('f4', '202102', 'KM', 442),
('f4', '202102', 'NUI', 3),
('f4', '202102', 'REP', 18),
('f4', '202103', 'ETP', 10),
('f4', '202103', 'KM', 583),
('f4', '202103', 'NUI', 8),
('f4', '202103', 'REP', 14),
('f4', '202104', 'ETP', 15),
('f4', '202104', 'KM', 581),
('f4', '202104', 'NUI', 2),
('f4', '202104', 'REP', 14);

-- --------------------------------------------------------

--
-- Table structure for table `lignefraishorsforfait`
--

DROP TABLE IF EXISTS `lignefraishorsforfait`;
CREATE TABLE IF NOT EXISTS `lignefraishorsforfait` (
  `id` int(11) NOT NULL AUTO_INCREMENT,
  `idvisiteur` char(4) NOT NULL,
  `mois` char(6) NOT NULL,
  `libelle` varchar(100) DEFAULT NULL,
  `date` date DEFAULT NULL,
  `montant` decimal(10,2) DEFAULT NULL,
  PRIMARY KEY (`id`),
  KEY `idvisiteur` (`idvisiteur`,`mois`)
) ENGINE=InnoDB AUTO_INCREMENT=4755 DEFAULT CHARSET=latin1;

--
-- Dumping data for table `lignefraishorsforfait`
--

INSERT INTO `lignefraishorsforfait` (`id`, `idvisiteur`, `mois`, `libelle`, `date`, `montant`) VALUES
(2, 'a131', '202103', 'REFUSEtennis', '2021-03-21', '21.00'),
(3, 'a131', '202104', 'ping pong', '2021-04-21', '18.00'),
(4, 'a131', '202104', 'REFUSEtennis', '2021-04-21', '48.00'),
(166, 'a131', '202101', 'Frais vestimentaire/représentation', '2021-01-04', '376.00'),
(167, 'a131', '202101', 'Taxi', '2021-01-07', '66.00'),
(168, 'a131', '202101', 'Traiteur, alimentation, boisson', '2021-01-26', '42.00'),
(169, 'a131', '202102', 'Achat de matériel de papèterie', '2021-02-16', '10.00'),
(170, 'a131', '202102', 'Traiteur, alimentation, boisson', '2021-02-18', '237.00'),
(171, 'a131', '202102', 'Voyage SNCF', '2021-02-04', '95.00'),
(172, 'a131', '202103', 'Rémunération intervenant/spécialiste', '2021-03-09', '524.00'),
(173, 'a131', '202103', 'Repas avec praticien', '2021-03-05', '36.00'),
(174, 'a131', '202103', 'Frais vestimentaire/représentation', '2021-03-11', '136.00'),
(175, 'a131', '202103', 'Frais vestimentaire/représentation', '2021-03-15', '427.00'),
(176, 'a131', '202103', 'Location salle conférence', '2021-03-19', '531.00'),
(177, 'a131', '202104', 'Location salle conférence', '2021-04-03', '252.00'),
(178, 'a131', '202104', 'Traiteur, alimentation, boisson', '2021-04-19', '220.00'),
(179, 'a131', '202104', 'Achat de matériel de papèterie', '2021-04-09', '18.00'),
(180, 'a131', '202104', 'Location véhicule', '2021-04-17', '223.00'),
(181, 'a131', '202104', 'Traiteur, alimentation, boisson', '2021-04-22', '311.00'),
(182, 'a131', '202104', 'Taxi', '2021-04-21', '73.00'),
(365, 'a17', '202101', 'Voyage SNCF', '2021-01-10', '88.00'),
(366, 'a17', '202101', 'Voyage SNCF', '2021-01-21', '130.00'),
(367, 'a17', '202102', 'Traiteur, alimentation, boisson', '2021-02-05', '274.00'),
(368, 'a17', '202102', 'Location salle conférence', '2021-02-02', '186.00'),
(369, 'a17', '202102', 'Location équipement vidéo/sonore', '2021-02-03', '386.00'),
(370, 'a17', '202102', 'Voyage SNCF', '2021-02-02', '145.00'),
(371, 'a17', '202102', 'Traiteur, alimentation, boisson', '2021-02-03', '341.00'),
(372, 'a17', '202103', 'Location équipement vidéo/sonore', '2021-03-14', '384.00'),
(373, 'a17', '202103', 'Achat de matériel de papèterie', '2021-03-20', '26.00'),
(374, 'a17', '202103', 'Traiteur, alimentation, boisson', '2021-03-17', '288.00'),
(375, 'a17', '202103', 'Traiteur, alimentation, boisson', '2021-03-21', '360.00'),
(376, 'a17', '202103', 'Achat de matériel de papèterie', '2021-03-08', '15.00'),
(377, 'a17', '202104', 'Traiteur, alimentation, boisson', '2021-04-01', '228.00'),
(378, 'a17', '202104', 'Taxi', '2021-04-24', '71.00'),
(379, 'a17', '202104', 'Location équipement vidéo/sonore', '2021-04-11', '733.00'),
(380, 'a17', '202104', 'Traiteur, alimentation, boisson', '2021-04-15', '233.00'),
(541, 'a55', '202101', 'Location véhicule', '2021-01-07', '323.00'),
(542, 'a55', '202101', 'Location équipement vidéo/sonore', '2021-01-09', '267.00'),
(543, 'a55', '202102', 'Location véhicule', '2021-02-06', '300.00'),
(544, 'a55', '202103', 'Location salle conférence', '2021-03-21', '360.00'),
(545, 'a55', '202103', 'Rémunération intervenant/spécialiste', '2021-03-09', '716.00'),
(546, 'a55', '202103', 'Achat de matériel de papèterie', '2021-03-05', '49.00'),
(547, 'a55', '202103', 'Achat de matériel de papèterie', '2021-03-11', '45.00'),
(548, 'a55', '202103', 'Taxi', '2021-03-22', '36.00'),
(549, 'a55', '202104', 'Repas avec praticien', '2021-04-17', '39.00'),
(550, 'a55', '202104', 'Achat de matériel de papèterie', '2021-04-26', '46.00'),
(551, 'a55', '202104', 'Location équipement vidéo/sonore', '2021-04-01', '657.00'),
(552, 'a55', '202104', 'Location salle conférence', '2021-04-19', '449.00'),
(553, 'a55', '202104', 'Rémunération intervenant/spécialiste', '2021-04-08', '903.00'),
(554, 'a55', '202104', 'Traiteur, alimentation, boisson', '2021-04-17', '363.00'),
(693, 'a93', '202101', 'Rémunération intervenant/spécialiste', '2021-01-27', '896.00'),
(694, 'a93', '202101', 'Repas avec praticien', '2021-01-21', '49.00'),
(695, 'a93', '202101', 'Location salle conférence', '2021-01-13', '637.00'),
(696, 'a93', '202102', 'Location véhicule', '2021-02-10', '147.00'),
(697, 'a93', '202102', 'Rémunération intervenant/spécialiste', '2021-02-27', '1117.00'),
(698, 'a93', '202102', 'Repas avec praticien', '2021-02-18', '31.00'),
(699, 'a93', '202102', 'Traiteur, alimentation, boisson', '2021-02-19', '135.00'),
(700, 'a93', '202103', 'Frais vestimentaire/représentation', '2021-03-05', '238.00'),
(701, 'a93', '202103', 'Rémunération intervenant/spécialiste', '2021-03-09', '522.00'),
(702, 'a93', '202104', 'Achat de matériel de papèterie', '2021-04-23', '50.00'),
(865, 'b13', '202101', 'Achat de matériel de papèterie', '2021-01-15', '26.00'),
(866, 'b13', '202101', 'Repas avec praticien', '2021-01-11', '39.00'),
(867, 'b13', '202102', 'Achat de matériel de papèterie', '2021-02-15', '23.00'),
(868, 'b13', '202102', 'Taxi', '2021-02-17', '32.00'),
(869, 'b13', '202102', 'Location équipement vidéo/sonore', '2021-02-01', '342.00'),
(870, 'b13', '202102', 'Achat de matériel de papèterie', '2021-02-21', '34.00'),
(871, 'b13', '202102', 'Voyage SNCF', '2021-02-13', '148.00'),
(872, 'b13', '202103', 'Taxi', '2021-03-06', '42.00'),
(873, 'b13', '202104', 'Achat de matériel de papèterie', '2021-04-01', '50.00'),
(874, 'b13', '202104', 'Location véhicule', '2021-04-26', '360.00'),
(875, 'b13', '202104', 'Location équipement vidéo/sonore', '2021-04-19', '129.00'),
(1049, 'b16', '202101', 'Location véhicule', '2021-01-13', '31.00'),
(1050, 'b16', '202101', 'Taxi', '2021-01-26', '78.00'),
(1051, 'b16', '202101', 'Frais vestimentaire/représentation', '2021-01-03', '156.00'),
(1052, 'b16', '202102', 'Frais vestimentaire/représentation', '2021-02-07', '285.00'),
(1053, 'b16', '202102', 'Achat de matériel de papèterie', '2021-02-25', '19.00'),
(1054, 'b16', '202102', 'Rémunération intervenant/spécialiste', '2021-02-21', '951.00'),
(1055, 'b16', '202102', 'Frais vestimentaire/représentation', '2021-02-06', '376.00'),
(1056, 'b16', '202102', 'Repas avec praticien', '2021-02-25', '47.00'),
(1057, 'b16', '202104', 'Traiteur, alimentation, boisson', '2021-04-22', '103.00'),
(1058, 'b16', '202104', 'Rémunération intervenant/spécialiste', '2021-04-01', '1118.00'),
(1059, 'b16', '202104', 'Traiteur, alimentation, boisson', '2021-04-14', '215.00'),
(1060, 'b16', '202104', 'Voyage SNCF', '2021-04-27', '53.00'),
(1061, 'b16', '202104', 'Rémunération intervenant/spécialiste', '2021-04-27', '783.00'),
(1217, 'b19', '202101', 'Voyage SNCF', '2021-01-15', '32.00'),
(1218, 'b19', '202101', 'Voyage SNCF', '2021-01-28', '38.00'),
(1219, 'b19', '202101', 'Location véhicule', '2021-01-27', '364.00'),
(1220, 'b19', '202101', 'Voyage SNCF', '2021-01-26', '76.00'),
(1221, 'b19', '202102', 'Location équipement vidéo/sonore', '2021-02-28', '764.00'),
(1222, 'b19', '202102', 'Repas avec praticien', '2021-02-14', '49.00'),
(1223, 'b19', '202102', 'Taxi', '2021-02-16', '62.00'),
(1224, 'b19', '202103', 'Repas avec praticien', '2021-03-21', '42.00'),
(1225, 'b19', '202103', 'Repas avec praticien', '2021-03-24', '37.00'),
(1226, 'b19', '202103', 'Location équipement vidéo/sonore', '2021-03-26', '820.00'),
(1227, 'b19', '202104', 'Rémunération intervenant/spécialiste', '2021-04-13', '412.00'),
(1228, 'b19', '202104', 'Location véhicule', '2021-04-08', '258.00'),
(1229, 'b19', '202104', 'Frais vestimentaire/représentation', '2021-04-18', '250.00'),
(1230, 'b19', '202104', 'Repas avec praticien', '2021-04-03', '48.00'),
(1231, 'b19', '202104', 'Location équipement vidéo/sonore', '2021-04-09', '239.00'),
(1388, 'b25', '202101', 'Taxi', '2021-01-15', '44.00'),
(1389, 'b25', '202101', 'Achat de matériel de papèterie', '2021-01-03', '13.00'),
(1390, 'b25', '202101', 'Rémunération intervenant/spécialiste', '2021-01-15', '638.00'),
(1391, 'b25', '202102', 'Taxi', '2021-02-19', '23.00'),
(1392, 'b25', '202102', 'Rémunération intervenant/spécialiste', '2021-02-17', '1161.00'),
(1393, 'b25', '202102', 'Repas avec praticien', '2021-02-11', '36.00'),
(1394, 'b25', '202103', 'Achat de matériel de papèterie', '2021-03-24', '43.00'),
(1395, 'b25', '202103', 'Location salle conférence', '2021-03-05', '459.00'),
(1396, 'b25', '202103', 'Taxi', '2021-03-21', '50.00'),
(1397, 'b25', '202104', 'Traiteur, alimentation, boisson', '2021-04-08', '94.00'),
(1398, 'b25', '202104', 'Achat de matériel de papèterie', '2021-04-23', '23.00'),
(1564, 'b28', '202101', 'Repas avec praticien', '2021-01-02', '30.00'),
(1565, 'b28', '202101', 'Rémunération intervenant/spécialiste', '2021-01-07', '1180.00'),
(1566, 'b28', '202102', 'Achat de matériel de papèterie', '2021-02-07', '26.00'),
(1567, 'b28', '202102', 'Location véhicule', '2021-02-15', '60.00'),
(1568, 'b28', '202103', 'Taxi', '2021-03-06', '58.00'),
(1569, 'b28', '202103', 'Location véhicule', '2021-03-03', '46.00'),
(1570, 'b28', '202104', 'Traiteur, alimentation, boisson', '2021-04-28', '190.00'),
(1571, 'b28', '202104', 'Rémunération intervenant/spécialiste', '2021-04-27', '1179.00'),
(1572, 'b28', '202104', 'Rémunération intervenant/spécialiste', '2021-04-04', '429.00'),
(1573, 'b28', '202104', 'Traiteur, alimentation, boisson', '2021-04-19', '381.00'),
(1730, 'b34', '202101', 'Achat de matériel de papèterie', '2021-01-13', '45.00'),
(1731, 'b34', '202101', 'Voyage SNCF', '2021-01-16', '134.00'),
(1732, 'b34', '202101', 'Rémunération intervenant/spécialiste', '2021-01-22', '1176.00'),
(1733, 'b34', '202101', 'Voyage SNCF', '2021-01-19', '102.00'),
(1734, 'b34', '202101', 'Traiteur, alimentation, boisson', '2021-01-27', '48.00'),
(1735, 'b34', '202102', 'Achat de matériel de papèterie', '2021-02-12', '37.00'),
(1736, 'b34', '202102', 'Location véhicule', '2021-02-02', '269.00'),
(1737, 'b34', '202102', 'Location équipement vidéo/sonore', '2021-02-24', '120.00'),
(1738, 'b34', '202102', 'Voyage SNCF', '2021-02-18', '65.00'),
(1739, 'b34', '202102', 'Repas avec praticien', '2021-02-08', '43.00'),
(1740, 'b34', '202103', 'Location véhicule', '2021-03-10', '338.00'),
(1741, 'b34', '202103', 'Voyage SNCF', '2021-03-18', '149.00'),
(1742, 'b34', '202103', 'Location véhicule', '2021-03-16', '57.00'),
(1743, 'b34', '202103', 'Traiteur, alimentation, boisson', '2021-03-24', '45.00'),
(1744, 'b34', '202103', 'Location salle conférence', '2021-03-14', '412.00'),
(1745, 'b34', '202104', 'Location salle conférence', '2021-04-16', '348.00'),
(1746, 'b34', '202104', 'Repas avec praticien', '2021-04-09', '46.00'),
(1934, 'b4', '202101', 'Traiteur, alimentation, boisson', '2021-01-28', '293.00'),
(1935, 'b4', '202101', 'Achat de matériel de papèterie', '2021-01-24', '43.00'),
(1936, 'b4', '202101', 'Location équipement vidéo/sonore', '2021-01-06', '241.00'),
(1937, 'b4', '202101', 'Taxi', '2021-01-01', '66.00'),
(1938, 'b4', '202102', 'Taxi', '2021-02-26', '46.00'),
(1939, 'b4', '202102', 'Traiteur, alimentation, boisson', '2021-02-24', '367.00'),
(1940, 'b4', '202102', 'Repas avec praticien', '2021-02-08', '32.00'),
(1941, 'b4', '202102', 'Location véhicule', '2021-02-28', '84.00'),
(1942, 'b4', '202102', 'Voyage SNCF', '2021-02-26', '49.00'),
(1943, 'b4', '202103', 'Location salle conférence', '2021-03-26', '265.00'),
(1944, 'b4', '202103', 'Location salle conférence', '2021-03-21', '411.00'),
(1945, 'b4', '202103', 'Location véhicule', '2021-03-14', '346.00'),
(1946, 'b4', '202104', 'Location salle conférence', '2021-04-02', '598.00'),
(1947, 'b4', '202104', 'Achat de matériel de papèterie', '2021-04-10', '43.00'),
(1948, 'b4', '202104', 'Location équipement vidéo/sonore', '2021-04-28', '771.00'),
(1949, 'b4', '202104', 'Frais vestimentaire/représentation', '2021-04-26', '272.00'),
(1950, 'b4', '202104', 'Frais vestimentaire/représentation', '2021-04-17', '91.00'),
(1951, 'b4', '202104', 'Rémunération intervenant/spécialiste', '2021-04-27', '1034.00'),
(2115, 'b50', '202101', 'Achat de matériel de papèterie', '2021-01-10', '13.00'),
(2116, 'b50', '202101', 'Frais vestimentaire/représentation', '2021-01-11', '439.00'),
(2117, 'b50', '202102', 'Location salle conférence', '2021-02-02', '471.00'),
(2118, 'b50', '202102', 'Traiteur, alimentation, boisson', '2021-02-09', '81.00'),
(2119, 'b50', '202102', 'Repas avec praticien', '2021-02-13', '32.00'),
(2120, 'b50', '202103', 'Repas avec praticien', '2021-03-07', '42.00'),
(2121, 'b50', '202103', 'Frais vestimentaire/représentation', '2021-03-18', '137.00'),
(2122, 'b50', '202103', 'Location équipement vidéo/sonore', '2021-03-24', '473.00'),
(2123, 'b50', '202103', 'Frais vestimentaire/représentation', '2021-03-17', '114.00'),
(2124, 'b50', '202103', 'Achat de matériel de papèterie', '2021-03-05', '11.00'),
(2125, 'b50', '202103', 'Location salle conférence', '2021-03-10', '138.00'),
(2126, 'b50', '202104', 'Location véhicule', '2021-04-04', '81.00'),
(2127, 'b50', '202104', 'Traiteur, alimentation, boisson', '2021-04-16', '383.00'),
(2128, 'b50', '202104', 'Repas avec praticien', '2021-04-17', '42.00'),
(2304, 'b59', '202101', 'Location véhicule', '2021-01-26', '224.00'),
(2305, 'b59', '202101', 'Location salle conférence', '2021-01-03', '615.00'),
(2306, 'b59', '202101', 'Traiteur, alimentation, boisson', '2021-01-07', '311.00'),
(2307, 'b59', '202101', 'Repas avec praticien', '2021-01-08', '36.00'),
(2308, 'b59', '202102', 'Taxi', '2021-02-07', '29.00'),
(2309, 'b59', '202102', 'Achat de matériel de papèterie', '2021-02-22', '37.00'),
(2310, 'b59', '202102', 'Traiteur, alimentation, boisson', '2021-02-20', '66.00'),
(2311, 'b59', '202102', 'Traiteur, alimentation, boisson', '2021-02-27', '339.00'),
(2312, 'b59', '202102', 'Rémunération intervenant/spécialiste', '2021-02-04', '994.00'),
(2313, 'b59', '202103', 'Frais vestimentaire/représentation', '2021-03-28', '176.00'),
(2314, 'b59', '202103', 'Frais vestimentaire/représentation', '2021-03-26', '438.00'),
(2315, 'b59', '202103', 'Location véhicule', '2021-03-23', '340.00'),
(2316, 'b59', '202103', 'Location véhicule', '2021-03-24', '241.00'),
(2317, 'b59', '202104', 'Frais vestimentaire/représentation', '2021-04-04', '198.00'),
(2318, 'b59', '202104', 'Location véhicule', '2021-04-08', '431.00'),
(2319, 'b59', '202104', 'Traiteur, alimentation, boisson', '2021-04-05', '83.00'),
(2320, 'b59', '202104', 'Rémunération intervenant/spécialiste', '2021-04-11', '783.00'),
(2488, 'c14', '202101', 'Repas avec praticien', '2021-01-12', '44.00'),
(2489, 'c14', '202101', 'Frais vestimentaire/représentation', '2021-01-22', '272.00'),
(2490, 'c14', '202101', 'Location équipement vidéo/sonore', '2021-01-04', '275.00'),
(2491, 'c14', '202101', 'Frais vestimentaire/représentation', '2021-01-06', '396.00'),
(2492, 'c14', '202101', 'Repas avec praticien', '2021-01-05', '39.00'),
(2493, 'c14', '202102', 'Achat de matériel de papèterie', '2021-02-12', '45.00'),
(2494, 'c14', '202102', 'Location équipement vidéo/sonore', '2021-02-20', '551.00'),
(2495, 'c14', '202102', 'Traiteur, alimentation, boisson', '2021-02-02', '298.00'),
(2496, 'c14', '202103', 'Taxi', '2021-03-22', '39.00'),
(2497, 'c14', '202103', 'Location salle conférence', '2021-03-05', '353.00'),
(2498, 'c14', '202103', 'Repas avec praticien', '2021-03-21', '47.00'),
(2499, 'c14', '202103', 'Location équipement vidéo/sonore', '2021-03-12', '693.00'),
(2500, 'c14', '202103', 'Achat de matériel de papèterie', '2021-03-13', '35.00'),
(2501, 'c14', '202104', 'Traiteur, alimentation, boisson', '2021-04-27', '256.00'),
(2665, 'c3', '202101', 'Voyage SNCF', '2021-01-16', '42.00'),
(2666, 'c3', '202101', 'Location salle conférence', '2021-01-05', '463.00'),
(2667, 'c3', '202102', 'Repas avec praticien', '2021-02-14', '39.00'),
(2668, 'c3', '202102', 'Frais vestimentaire/représentation', '2021-02-18', '370.00'),
(2669, 'c3', '202102', 'Taxi', '2021-02-26', '32.00'),
(2670, 'c3', '202103', 'Repas avec praticien', '2021-03-10', '40.00'),
(2671, 'c3', '202103', 'Traiteur, alimentation, boisson', '2021-03-17', '306.00'),
(2672, 'c3', '202103', 'Frais vestimentaire/représentation', '2021-03-28', '301.00'),
(2673, 'c3', '202103', 'Voyage SNCF', '2021-03-23', '136.00'),
(2674, 'c3', '202104', 'Location équipement vidéo/sonore', '2021-04-08', '150.00'),
(2675, 'c3', '202104', 'Rémunération intervenant/spécialiste', '2021-04-15', '550.00'),
(2676, 'c3', '202104', 'Repas avec praticien', '2021-04-14', '31.00'),
(2677, 'c3', '202104', 'Achat de matériel de papèterie', '2021-04-22', '47.00'),
(2850, 'c54', '202101', 'Location salle conférence', '2021-01-08', '558.00'),
(2851, 'c54', '202101', 'Repas avec praticien', '2021-01-06', '34.00'),
(2852, 'c54', '202101', 'Achat de matériel de papèterie', '2021-01-07', '27.00'),
(2853, 'c54', '202101', 'Location véhicule', '2021-01-15', '316.00'),
(2854, 'c54', '202101', 'Achat de matériel de papèterie', '2021-01-02', '25.00'),
(2855, 'c54', '202102', 'Rémunération intervenant/spécialiste', '2021-02-25', '480.00'),
(2856, 'c54', '202102', 'Rémunération intervenant/spécialiste', '2021-02-09', '944.00'),
(2857, 'c54', '202102', 'Traiteur, alimentation, boisson', '2021-02-07', '450.00'),
(2858, 'c54', '202103', 'Rémunération intervenant/spécialiste', '2021-03-12', '1067.00'),
(2859, 'c54', '202104', 'Location véhicule', '2021-04-23', '193.00'),
(2860, 'c54', '202104', 'Location véhicule', '2021-04-25', '38.00'),
(3039, 'd13', '202101', 'Voyage SNCF', '2021-01-04', '93.00'),
(3040, 'd13', '202102', 'Rémunération intervenant/spécialiste', '2021-02-21', '747.00'),
(3041, 'd13', '202102', 'Voyage SNCF', '2021-02-16', '43.00'),
(3042, 'd13', '202102', 'Voyage SNCF', '2021-02-08', '69.00'),
(3043, 'd13', '202103', 'Voyage SNCF', '2021-03-24', '34.00'),
(3044, 'd13', '202103', 'Traiteur, alimentation, boisson', '2021-03-11', '119.00'),
(3045, 'd13', '202104', 'Repas avec praticien', '2021-04-23', '39.00'),
(3046, 'd13', '202104', 'Achat de matériel de papèterie', '2021-04-09', '24.00'),
(3047, 'd13', '202104', 'Repas avec praticien', '2021-04-08', '40.00'),
(3048, 'd13', '202104', 'Traiteur, alimentation, boisson', '2021-04-16', '168.00'),
(3049, 'd13', '202104', 'Voyage SNCF', '2021-04-28', '58.00'),
(3050, 'd13', '202104', 'Taxi', '2021-04-15', '58.00'),
(3203, 'd51', '202101', 'Frais vestimentaire/représentation', '2021-01-24', '390.00'),
(3204, 'd51', '202101', 'Rémunération intervenant/spécialiste', '2021-01-15', '370.00'),
(3205, 'd51', '202102', 'Voyage SNCF', '2021-02-20', '82.00'),
(3206, 'd51', '202103', 'Voyage SNCF', '2021-03-02', '124.00'),
(3207, 'd51', '202103', 'Rémunération intervenant/spécialiste', '2021-03-26', '1147.00'),
(3208, 'd51', '202103', 'Taxi', '2021-03-18', '33.00'),
(3209, 'd51', '202103', 'Location véhicule', '2021-03-02', '269.00'),
(3210, 'd51', '202103', 'Location salle conférence', '2021-03-11', '345.00'),
(3211, 'd51', '202103', 'Traiteur, alimentation, boisson', '2021-03-10', '175.00'),
(3212, 'd51', '202104', 'Taxi', '2021-04-23', '20.00'),
(3213, 'd51', '202104', 'Rémunération intervenant/spécialiste', '2021-04-18', '648.00'),
(3214, 'd51', '202104', 'Frais vestimentaire/représentation', '2021-04-07', '62.00'),
(3371, 'e22', '202101', 'Taxi', '2021-01-06', '52.00'),
(3372, 'e22', '202102', 'Location salle conférence', '2021-02-20', '363.00'),
(3373, 'e22', '202102', 'Rémunération intervenant/spécialiste', '2021-02-27', '638.00'),
(3374, 'e22', '202102', 'Repas avec praticien', '2021-02-15', '33.00'),
(3375, 'e22', '202102', 'Frais vestimentaire/représentation', '2021-02-18', '202.00'),
(3376, 'e22', '202103', 'Location équipement vidéo/sonore', '2021-03-20', '558.00'),
(3377, 'e22', '202104', 'Location équipement vidéo/sonore', '2021-04-04', '151.00'),
(3378, 'e22', '202104', 'Frais vestimentaire/représentation', '2021-04-01', '75.00'),
(3379, 'e22', '202104', 'Rémunération intervenant/spécialiste', '2021-04-03', '640.00'),
(3380, 'e22', '202104', 'Taxi', '2021-04-19', '79.00'),
(3381, 'e22', '202104', 'Location salle conférence', '2021-04-06', '624.00'),
(3382, 'e22', '202104', 'Traiteur, alimentation, boisson', '2021-04-18', '175.00'),
(3533, 'e24', '202101', 'Location véhicule', '2021-01-01', '307.00'),
(3534, 'e24', '202101', 'Frais vestimentaire/représentation', '2021-01-01', '302.00'),
(3535, 'e24', '202102', 'Traiteur, alimentation, boisson', '2021-02-20', '338.00'),
(3536, 'e24', '202102', 'Voyage SNCF', '2021-02-21', '139.00'),
(3537, 'e24', '202102', 'Rémunération intervenant/spécialiste', '2021-02-21', '950.00'),
(3538, 'e24', '202102', 'Location équipement vidéo/sonore', '2021-02-10', '581.00'),
(3539, 'e24', '202102', 'Taxi', '2021-02-07', '29.00'),
(3540, 'e24', '202103', 'Taxi', '2021-03-23', '34.00'),
(3541, 'e24', '202103', 'Location véhicule', '2021-03-26', '237.00'),
(3542, 'e24', '202103', 'Location équipement vidéo/sonore', '2021-03-27', '457.00'),
(3543, 'e24', '202103', 'Location véhicule', '2021-03-28', '149.00'),
(3544, 'e24', '202104', 'Location équipement vidéo/sonore', '2021-04-13', '501.00'),
(3545, 'e24', '202104', 'Location salle conférence', '2021-04-08', '162.00'),
(3546, 'e24', '202104', 'Voyage SNCF', '2021-04-09', '97.00'),
(3547, 'e24', '202104', 'Achat de matériel de papèterie', '2021-04-04', '50.00'),
(3721, 'e39', '202101', 'Location équipement vidéo/sonore', '2021-01-28', '483.00'),
(3722, 'e39', '202101', 'Location véhicule', '2021-01-10', '436.00'),
(3723, 'e39', '202101', 'Voyage SNCF', '2021-01-28', '33.00'),
(3724, 'e39', '202101', 'Traiteur, alimentation, boisson', '2021-01-05', '185.00'),
(3725, 'e39', '202101', 'Traiteur, alimentation, boisson', '2021-01-15', '441.00'),
(3726, 'e39', '202101', 'Rémunération intervenant/spécialiste', '2021-01-15', '1054.00'),
(3727, 'e39', '202102', 'Location équipement vidéo/sonore', '2021-02-12', '256.00'),
(3728, 'e39', '202102', 'Achat de matériel de papèterie', '2021-02-12', '42.00'),
(3729, 'e39', '202102', 'Taxi', '2021-02-10', '53.00'),
(3730, 'e39', '202102', 'Taxi', '2021-02-15', '50.00'),
(3731, 'e39', '202103', 'Location véhicule', '2021-03-22', '260.00'),
(3732, 'e39', '202103', 'Voyage SNCF', '2021-03-01', '58.00'),
(3733, 'e39', '202103', 'Location véhicule', '2021-03-27', '138.00'),
(3734, 'e39', '202103', 'Location salle conférence', '2021-03-26', '573.00'),
(3735, 'e39', '202104', 'Achat de matériel de papèterie', '2021-04-05', '25.00'),
(3736, 'e39', '202104', 'Traiteur, alimentation, boisson', '2021-04-19', '428.00'),
(3901, 'e49', '202101', 'Traiteur, alimentation, boisson', '2021-01-02', '257.00'),
(3902, 'e49', '202101', 'Location salle conférence', '2021-01-17', '502.00'),
(3903, 'e49', '202101', 'Location salle conférence', '2021-01-04', '524.00'),
(3904, 'e49', '202102', 'Taxi', '2021-02-25', '37.00'),
(3905, 'e49', '202102', 'Achat de matériel de papèterie', '2021-02-16', '35.00'),
(3906, 'e49', '202102', 'Taxi', '2021-02-27', '67.00'),
(3907, 'e49', '202102', 'Achat de matériel de papèterie', '2021-02-01', '31.00'),
(3908, 'e49', '202102', 'Location équipement vidéo/sonore', '2021-02-26', '580.00'),
(3909, 'e49', '202102', 'Location salle conférence', '2021-02-26', '308.00'),
(3910, 'e49', '202103', 'Repas avec praticien', '2021-03-06', '45.00'),
(3911, 'e49', '202103', 'Location équipement vidéo/sonore', '2021-03-09', '268.00'),
(3912, 'e49', '202104', 'Repas avec praticien', '2021-04-13', '33.00'),
(3913, 'e49', '202104', 'Location véhicule', '2021-04-28', '444.00'),
(3914, 'e49', '202104', 'Traiteur, alimentation, boisson', '2021-04-06', '229.00'),
(4060, 'e5', '202101', 'Location salle conférence', '2021-01-19', '158.00'),
(4061, 'e5', '202101', 'Location salle conférence', '2021-01-19', '582.00'),
(4062, 'e5', '202101', 'Taxi', '2021-01-16', '24.00'),
(4063, 'e5', '202101', 'Location salle conférence', '2021-01-01', '542.00'),
(4064, 'e5', '202101', 'Taxi', '2021-01-22', '58.00'),
(4065, 'e5', '202102', 'Frais vestimentaire/représentation', '2021-02-02', '211.00'),
(4066, 'e5', '202102', 'Traiteur, alimentation, boisson', '2021-02-20', '387.00'),
(4067, 'e5', '202102', 'Location véhicule', '2021-02-25', '357.00'),
(4068, 'e5', '202103', 'Location véhicule', '2021-03-22', '137.00'),
(4069, 'e5', '202103', 'Rémunération intervenant/spécialiste', '2021-03-08', '793.00'),
(4070, 'e5', '202103', 'Rémunération intervenant/spécialiste', '2021-03-26', '832.00'),
(4071, 'e5', '202103', 'Taxi', '2021-03-16', '21.00'),
(4072, 'e5', '202104', 'Taxi', '2021-04-19', '59.00'),
(4073, 'e5', '202104', 'Rémunération intervenant/spécialiste', '2021-04-06', '324.00'),
(4074, 'e5', '202104', 'Location salle conférence', '2021-04-26', '390.00'),
(4075, 'e5', '202104', 'Repas avec praticien', '2021-04-13', '39.00'),
(4076, 'e5', '202104', 'Repas avec praticien', '2021-04-10', '50.00'),
(4231, 'e52', '202101', 'Rémunération intervenant/spécialiste', '2021-01-27', '808.00'),
(4232, 'e52', '202101', 'Repas avec praticien', '2021-01-09', '47.00'),
(4233, 'e52', '202101', 'Rémunération intervenant/spécialiste', '2021-01-22', '283.00'),
(4234, 'e52', '202102', 'Location véhicule', '2021-02-02', '354.00'),
(4235, 'e52', '202102', 'Traiteur, alimentation, boisson', '2021-02-03', '219.00'),
(4236, 'e52', '202102', 'Location équipement vidéo/sonore', '2021-02-15', '780.00'),
(4237, 'e52', '202102', 'Achat de matériel de papèterie', '2021-02-06', '28.00'),
(4238, 'e52', '202102', 'Traiteur, alimentation, boisson', '2021-02-03', '222.00'),
(4239, 'e52', '202102', 'Location véhicule', '2021-02-25', '288.00'),
(4240, 'e52', '202103', 'Achat de matériel de papèterie', '2021-03-21', '17.00'),
(4241, 'e52', '202103', 'Location véhicule', '2021-03-07', '123.00'),
(4242, 'e52', '202103', 'Location équipement vidéo/sonore', '2021-03-07', '780.00'),
(4243, 'e52', '202104', 'Location véhicule', '2021-04-18', '323.00'),
(4244, 'e52', '202104', 'Location équipement vidéo/sonore', '2021-04-07', '625.00'),
(4245, 'e52', '202104', 'Rémunération intervenant/spécialiste', '2021-04-11', '1045.00'),
(4246, 'e52', '202104', 'Rémunération intervenant/spécialiste', '2021-04-05', '984.00'),
(4392, 'f21', '202101', 'Voyage SNCF', '2021-01-08', '120.00'),
(4393, 'f21', '202102', 'Location véhicule', '2021-02-16', '130.00'),
(4394, 'f21', '202102', 'Taxi', '2021-02-18', '68.00'),
(4395, 'f21', '202102', 'Rémunération intervenant/spécialiste', '2021-02-10', '704.00'),
(4396, 'f21', '202104', 'Taxi', '2021-04-10', '27.00'),
(4397, 'f21', '202104', 'Repas avec praticien', '2021-04-25', '45.00'),
(4398, 'f21', '202104', 'Repas avec praticien', '2021-04-06', '34.00'),
(4399, 'f21', '202104', 'Voyage SNCF', '2021-04-19', '118.00'),
(4400, 'f21', '202104', 'Rémunération intervenant/spécialiste', '2021-04-12', '416.00'),
(4401, 'f21', '202104', 'Traiteur, alimentation, boisson', '2021-04-08', '301.00'),
(4568, 'f39', '202101', 'Traiteur, alimentation, boisson', '2021-01-12', '424.00'),
(4569, 'f39', '202101', 'Frais vestimentaire/représentation', '2021-01-01', '318.00'),
(4570, 'f39', '202102', 'Location équipement vidéo/sonore', '2021-02-18', '720.00'),
(4571, 'f39', '202102', 'Traiteur, alimentation, boisson', '2021-02-23', '149.00'),
(4572, 'f39', '202102', 'Repas avec praticien', '2021-02-10', '38.00'),
(4573, 'f39', '202102', 'Location véhicule', '2021-02-01', '59.00'),
(4574, 'f39', '202103', 'Frais vestimentaire/représentation', '2021-03-03', '134.00'),
(4575, 'f39', '202103', 'Achat de matériel de papèterie', '2021-03-06', '36.00'),
(4576, 'f39', '202103', 'Traiteur, alimentation, boisson', '2021-03-10', '86.00'),
(4577, 'f39', '202103', 'Voyage SNCF', '2021-03-01', '130.00'),
(4578, 'f39', '202103', 'Location équipement vidéo/sonore', '2021-03-11', '548.00'),
(4579, 'f39', '202104', 'Frais vestimentaire/représentation', '2021-04-21', '226.00'),
(4580, 'f39', '202104', 'Frais vestimentaire/représentation', '2021-04-15', '380.00'),
(4738, 'f4', '202101', 'Frais vestimentaire/représentation', '2021-01-04', '337.00'),
(4739, 'f4', '202101', 'Voyage SNCF', '2021-01-20', '115.00'),
(4740, 'f4', '202101', 'Achat de matériel de papèterie', '2021-01-27', '46.00'),
(4741, 'f4', '202102', 'Location salle conférence', '2021-02-09', '624.00'),
(4742, 'f4', '202102', 'Rémunération intervenant/spécialiste', '2021-02-16', '893.00'),
(4743, 'f4', '202102', 'Achat de matériel de papèterie', '2021-02-15', '40.00'),
(4744, 'f4', '202102', 'Taxi', '2021-02-12', '62.00'),
(4745, 'f4', '202102', 'Location véhicule', '2021-02-28', '178.00'),
(4746, 'f4', '202102', 'Taxi', '2021-02-16', '60.00'),
(4747, 'f4', '202103', 'Frais vestimentaire/représentation', '2021-03-23', '258.00'),
(4748, 'f4', '202103', 'Frais vestimentaire/représentation', '2021-03-03', '353.00'),
(4749, 'f4', '202104', 'Rémunération intervenant/spécialiste', '2021-04-06', '1124.00'),
(4750, 'f4', '202104', 'Achat de matériel de papèterie', '2021-04-13', '47.00'),
(4751, 'f4', '202104', 'Achat de matériel de papèterie', '2021-04-03', '33.00'),
(4752, 'f4', '202104', 'Taxi', '2021-04-09', '78.00'),
(4753, 'f4', '202104', 'Achat de matériel de papèterie', '2021-04-14', '38.00'),
(4754, 'f4', '202104', 'Location équipement vidéo/sonore', '2021-04-19', '235.00');

-- --------------------------------------------------------

--
-- Table structure for table `visiteur`
--

DROP TABLE IF EXISTS `visiteur`;
CREATE TABLE IF NOT EXISTS `visiteur` (
  `id` char(4) NOT NULL,
  `nom` char(30) DEFAULT NULL,
  `prenom` char(30) DEFAULT NULL,
  `login` char(20) DEFAULT NULL,
  `mdp` char(20) DEFAULT NULL,
  `adresse` char(30) DEFAULT NULL,
  `cp` char(5) DEFAULT NULL,
  `ville` char(30) DEFAULT NULL,
  `dateembauche` date DEFAULT NULL,
  `mdphashed` char(100) DEFAULT NULL,
  PRIMARY KEY (`id`)
) ENGINE=InnoDB DEFAULT CHARSET=latin1;

--
-- Dumping data for table `visiteur`
--

INSERT INTO `visiteur` (`id`, `nom`, `prenom`, `login`, `mdp`, `adresse`, `cp`, `ville`, `dateembauche`, `mdphashed`) VALUES
('a131', 'Villechalane', 'Louis', 'lvillachane', 'jux7g', '8 rue des Charmes', '46000', 'Cahors', '2005-12-21', '$2y$10$hk2zK7uztcAbjgaCGpGAxOsceL1AcDE7ZO4xy5KY1.FlfGjcZ4xrW'),
('a17', 'Andre', 'David', 'dandre', 'oppg5', '1 rue Petit', '46200', 'Lalbenque', '1998-11-23', '$2y$10$1UYdmMUH.ayyfNCMTcNYwuq81obAwRAWqlvvzX4SKeSQFPc5xBfjG'),
('a55', 'Bedos', 'Christian', 'cbedos', 'gmhxd', '1 rue Peranud', '46250', 'Montcuq', '1995-01-12', '$2y$10$7dK.OW.zhKcEPFN6UbuGT./R9raLXxgyVyknCkUzT05tFiZB8hGka'),
('a93', 'Tusseau', 'Louis', 'ltusseau', 'ktp3s', '22 rue des Ternes', '46123', 'Gramat', '2000-05-01', '$2y$10$WV/sNcyGI2dDm92u6Gep4e07AsQ5VYuC8afi9jGULfph52mnIC6ma'),
('b13', 'Bentot', 'Pascal', 'pbentot', 'doyw1', '11 allée des Cerises', '46512', 'Bessines', '1992-07-09', '$2y$10$nxE4zW7TZmUk/rxeUlkrzev4PNXLym/JQrgws3KnZQL7tI.kTqHkm'),
('b16', 'Bioret', 'Luc', 'lbioret', 'hrjfs', '1 Avenue gambetta', '46000', 'Cahors', '1998-05-11', '$2y$10$IS620zy2LQX/S0SMA946b.6TTdDwMgVd2JygYOxk3pBeKostgZZze'),
('b19', 'Bunisset', 'Francis', 'fbunisset', '4vbnd', '10 rue des Perles', '93100', 'Montreuil', '1987-10-21', '$2y$10$Pykd6vyZlp/sqc9PcjCqn.uIqpR.lVMSA7DXd7T0YvNpIgDBksSN2'),
('b25', 'Bunisset', 'Denise', 'dbunisset', 's1y1r', '23 rue Manin', '75019', 'paris', '2010-12-05', '$2y$10$JnE.BoEXjp3YuVmlAlXXluLVYAnrmNAtkH5/HY1QZ08eLRa0iD6ri'),
('b28', 'Cacheux', 'Bernard', 'bcacheux', 'uf7r3', '114 rue Blanche', '75017', 'Paris', '2009-11-12', '$2y$10$EITZ.P91AbrzwM/kyeY7Vu5Z7JdOA705BWU4vwQd8b7G4vRiPGsyO'),
('b34', 'Cadic', 'Eric', 'ecadic', '6u8dc', '123 avenue de la République', '75011', 'Paris', '2008-09-23', '$2y$10$Ef3DCuUcdFJQMD.XHRQ3NOFwiLxOj3xZ29.ymHj04c1yRiC5ll6Ka'),
('b4', 'Charoze', 'Catherine', 'ccharoze', 'u817o', '100 rue Petit', '75019', 'Paris', '2005-11-12', '$2y$10$4wpb6uTdaND26vexed5Ede1AV8CqL81j9w8z8MfAuxM5jZNkK3VSm'),
('b50', 'Clepkens', 'Christophe', 'cclepkens', 'bw1us', '12 allée des Anges', '93230', 'Romainville', '2003-08-11', '$2y$10$HEPwws4pVqDQwZrOnne1p.paAt5/XGJYFToP5GCwV.qtnuSg5jseq'),
('b59', 'Cottin', 'Vincenne', 'vcottin', '2hoh9', '36 rue Des Roches', '93100', 'Monteuil', '2001-11-18', '$2y$10$TzXHDj5HiqeDXjMFuKBWfezQT1X7IyvictV53YvfEtz7vgQUhxtPq'),
('c14', 'Daburon', 'François', 'fdaburon', '7oqpv', '13 rue de Chanzy', '94000', 'Créteil', '2002-02-11', '$2y$10$oTi9yCWR2lfDzURKG.ZBHuUPp4RYENcT2eMSg9i3RgwcZB8/HSSr2'),
('c3', 'De', 'Philippe', 'pde', 'gk9kx', '13 rue Barthes', '94000', 'Créteil', '2010-12-14', '$2y$10$rk9Aj/h4sEdmgoREzZwOhOQq8T06Gm22QWCb3XtfokugPw1GLRp02'),
('c54', 'Debelle', 'Michel', 'mdebelle', 'od5rt', '181 avenue Barbusse', '93210', 'Rosny', '2006-11-23', '$2y$10$pbJcj7/xF2v/A6Zm.IUr/.8K1IMqVPsgMHRxcy43x10TSbbpHD1aK'),
('d13', 'Debelle', 'Jeanne', 'jdebelle', 'nvwqq', '134 allée des Joncs', '44000', 'Nantes', '2000-05-11', '$2y$10$lCt0Xjv.QQ8FlfvgEDFOlO3n8DGD9I6hPxGZ70Dp3DeCQKTiW4L/q'),
('d51', 'Debroise', 'Michel', 'mdebroise', 'sghkb', '2 Bld Jourdain', '44000', 'Nantes', '2001-04-17', '$2y$10$jLRFMJZn9wGvL5AXoqS9mumPBU1Lyldv.5LKuA.oeRyOAz39LpJr6'),
('e22', 'Desmarquest', 'Nathalie', 'ndesmarquest', 'f1fob', '14 Place d Arc', '45000', 'Orléans', '2005-11-12', '$2y$10$aRWD01xWpLFO3SdTxVmN9uve/CEMWEZ4ErJ8/5WMAICGzbMF9Bex2'),
('e24', 'Desnost', 'Pierre', 'pdesnost', '4k2o5', '16 avenue des Cèdres', '23200', 'Guéret', '2001-02-05', '$2y$10$eIPCVkdqKq3nl70aQfNXXep11KLwCg26AH6t0VSsAhzvmP6v2.uSS'),
('e39', 'Dudouit', 'Frédéric', 'fdudouit', '44im8', '18 rue de l église', '23120', 'GrandBourg', '2000-08-01', '$2y$10$iGCJw9U85M0PFzSy3P.NU.TRM6eOCKAszrFpQzr4iRmNpyEGgDWwq'),
('e49', 'Duncombe', 'Claude', 'cduncombe', 'qf77j', '19 rue de la tour', '23100', 'La souteraine', '1987-10-10', '$2y$10$W8O3/u7F.j1J6rP5CiSiCuTXOeYzlTUj.jdU2i/LUSswavpdDwxiO'),
('e5', 'Enault-Pascreau', 'Céline', 'cenault', 'y2qdu', '25 place de la gare', '23200', 'Gueret', '1995-09-01', '$2y$10$7R9lksKdeOXephNJHaJBVO6vfiM0.JvRgCR25XZnFLZqtEhECAH7W'),
('e52', 'Eynde', 'Valérie', 'veynde', 'i7sn3', '3 Grand Place', '13015', 'Marseille', '1999-11-01', '$2y$10$Rwj./OjeZpDwWr0EVGsDTej0pGn7HeyBToEBL8.55gzf75BK9Vn1y'),
('f21', 'Finck', 'Jacques', 'jfinck', 'mpb3t', '10 avenue du Prado', '13002', 'Marseille', '2001-11-10', '$2y$10$GOKGJxXQEka3AUqmwIIdzepkB4r/mK6lHT2fIPYr.2zRpPRyWIU.C'),
('f39', 'Frémont', 'Fernande', 'ffremont', 'xs5tq', '4 route de la mer', '13012', 'Allauh', '1998-10-01', '$2y$10$/HrNsE1yat3/FrTzLMmSd.v5gOj85hdjI61eZ0qdBqqJFr3H8Gk6.'),
('f4', 'Gest', 'Alain', 'agest', 'dywvt', '30 avenue de la mer', '13025', 'Berre', '1985-11-01', '$2y$10$Wh5kGHxpva1DJG776cLOCe2nIu16w1SGxCQ1FJSatBnbuE881WeX2');

--
-- Constraints for dumped tables
--

--
-- Constraints for table `fichefrais`
--
ALTER TABLE `fichefrais`
  ADD CONSTRAINT `fichefrais_ibfk_1` FOREIGN KEY (`idetat`) REFERENCES `etat` (`id`),
  ADD CONSTRAINT `fichefrais_ibfk_2` FOREIGN KEY (`idvisiteur`) REFERENCES `visiteur` (`id`);

--
-- Constraints for table `lignefraisforfait`
--
ALTER TABLE `lignefraisforfait`
  ADD CONSTRAINT `lignefraisforfait_ibfk_1` FOREIGN KEY (`idvisiteur`,`mois`) REFERENCES `fichefrais` (`idvisiteur`, `mois`),
  ADD CONSTRAINT `lignefraisforfait_ibfk_2` FOREIGN KEY (`idfraisforfait`) REFERENCES `fraisforfait` (`id`);

--
-- Constraints for table `lignefraishorsforfait`
--
ALTER TABLE `lignefraishorsforfait`
  ADD CONSTRAINT `lignefraishorsforfait_ibfk_1` FOREIGN KEY (`idvisiteur`,`mois`) REFERENCES `fichefrais` (`idvisiteur`, `mois`);
COMMIT;

/*!40101 SET CHARACTER_SET_CLIENT=@OLD_CHARACTER_SET_CLIENT */;
/*!40101 SET CHARACTER_SET_RESULTS=@OLD_CHARACTER_SET_RESULTS */;
/*!40101 SET COLLATION_CONNECTION=@OLD_COLLATION_CONNECTION */;
